room,device_type,firmware_date,default_creds_changed,network_segment,remote_mgmt_enabled,last_seen
Room-01,display,2026-06-01,yes,av-vlan,no,2026-09-23
Room-01,codec,2026-08-15,yes,av-vlan,yes,2026-09-23
Room-02,display,2026-02-10,yes,av-vlan,no,2026-09-23
Room-02,controller,2025-11-01,no,av-vlan,yes,2026-09-23
Room-03,codec,2026-07-01,yes,corp,yes,2026-09-23
Room-04,display,2026-05-20,yes,av-vlan,no,2026-09-10
Room-05,camera,2025-12-05,yes,guest,yes,2026-09-23
Room-06,codec,2026-09-01,yes,av-vlan,yes,2026-09-23
Room-07,controller,2026-01-15,no,corp,yes,2026-09-22
